el_state_n,el_state_m,expression,coeff
1,1,q2,-0.000758317916694113
2,2,q2,0.000912127682816032
1,2,q1,0.000676547882105666