el_state_1,el_state_2,polinom,coeff
1,1,q2,-0.000758317916694113
2,2,q2,0.000912127682816032
1,2,q1,0.000676547882105666