el_state;energy
1;0.34728109465
2;0.36198082343