mode;omega;maximum_quanta
1;0.003351538182420648;2
2;0.009473975256886435;2